ciap;nome_ciap
30;EXAME MÉDICO/AVALIAÇÃO DE SAÚDE - COMPLETO
31;EXAME MÉDICO/AVALIAÇÃO DE  SAÚDE - PARCIAL
32;TESTE DE SENSIBILIDADE
33;EXAME MICROBIOLÓGICO/IMUNOLÓGICO
34;ANÁLISE DE SANGUE
35;ANÁLISE DE URINA
36;ANÁLISE DE FEZES
37;CITOLOGIA ESFOLIATIVA/HISTOLOGIA
38;OUTRAS ANÁLISES LABORATORIAIS NE
39;TESTE DE FUNÇÃO FÍSICA
40;ENDOSCOPIA DIAGNÓSTICA
41;RADIOLOGIA DIAGNÓSTICA
42;ELETROCARDIOGRAMA
43;OUTROS PROCEDIMENTOS DIAGNÓSTICOS
44;VACINAÇÃO/MEDICAÇÃO PREVENTIVA
45;EDUCAÇÃO EM SAÚDE/ACONSELHAMENTO/DIETA
46;CONSULTA COM PROFISSIONAL DE APS
47;CONSULTA COM ESPECIALISTA
48;ESCLARECIMENTO/DISCUSSÃO DO MOTIVO DA CONSULTA
49;OUTROS PROCEDIMENTOS PREVENTIVOS
50;MEDICAÇÃO/PRESCRIÇÃO/RENOVAÇÃO/ INJEÇÃO
51;INCISÃO/DRENAGEM/ASPIRAÇÃO/REMOÇÃO
52;EXCISÃO /BIOPSIA/REMOÇÃO/DEBRIDAMENTO/CAUTERIZAÇÃO
53;CATETERIZAÇÃO/INTUBAÇÃO
54;REPARAÇÃO/SUTURA/GESSO/PRÓTESE
55;INJEÇÃO LOCAL /INFILTRAÇÃO
56;LIGADURA/COMPRESSA /TAMPONAMENTO
57;MEDICINA FÍSICA/REABILITAÇÃO
58;ACONSELHAMENTO/ESCUTA TERAPÊUTICA
59;OUTROS PROCEDIMENTOS TERAPÊUTICOS/PEQUENA CIRURGIA NE
60;RESULTADOS DE ANÁLISES/PROCEDIMENTOS
61;CONTRA REFERÊNCIA DE OUTRO PRESTADOR - RESULTADO DE EXAMES/TESTE/ ANÁLISE
62;PROCEDIMENTO ADMINISTRATIVO
63;CONSULTA DE SEGUIMENTO NÃO ESPECIFICADA
64;EPISÓDIO / PROBLEMA INICIADO PELO PRESTADOR
65;EPISÓDIO / PROBLEMA INICIADO POR OUTRO NE
66;REFERENCIADO A OUTRO PRESTADOR /ENFERMEIRO /ASSISTENTE SOCIAL/TERAPEUTA
67;REFERENCIADO PARA MÉDICO/ESPECIALISTA/CLÍNICA/HOSPITAL
68;OUTRAS REFERENCIAÇÕES NE
69;OUTRO MOTIVO DE CONSULTA NE
A01;DOR GENERALIZADA /MÚLTIPLA
A02;ARREPIOS/ CALAFRIOS
A03;FEBRE
A04;DEBILIDADE/CANSAÇO GERAL/FADIGA
A05;SENTIR-SE DOENTE
A06;DESMAIO/SÍNCOPE
A07;COMA
A08;INCHAÇO
A09;PROBLEMAS DE SUDORESE
A10;SANGRAMENTO/HEMORRAGIA NE
A11;DORES TORÁCICAS NE
A13;RECEIO/MEDO DO TRATAMENTO
A16;CRIANÇA IRRITÁVEL
A18;PREOCUPAÇÃO COM APARÊNCIA
A20;PEDIDO/DISCUSSÃO EUTANÁSIA
A21;FATOR DE RISCO DE MALIGNIDADE
A23;FATOR DE RISCO NE
A25;MEDO DE MORRER/MEDO DA MORTE
A26;MEDO DE CÂNCER NE
A27;MEDO DE OUTRA DOENÇA NE
A28;LIMITAÇÃO FUNCIONAL/INCAPACIDADE NE
A29;OUTROS SINAIS/SINTOMAS GERAIS
A70;TUBERCULOSE
A71;SARAMPO
A72;VARICELA
A73;MALÁRIA
A74;RUBÉOLA
A75;MONONUCLEOSE INFECCIOSA
A76;OUTRO EXANTEMA VIRAL
A77;DENGUE E OUTRAS DOENÇAS VIRAIS NE
A78;HANSENÍASE E OUTRAS DOENÇAS INFECCIOSAS NE
A79;CARCINOMATOSE (LOCALIZAÇÃO PRIMÁRIA DESCONHECIDA)
A80;LESÃO TRAUMÁTICA/ACIDENTE NE
A81;POLITRAUMATISMOS/FERIMENTOS MÚLTIPLOS
A82;EFEITO SECUNDÁRIO DE LESÃO TRAUMÁTICA
A84;INTOXICAÇÃO POR MEDICAMENTO
A85;EFEITO ADVERSO DE FÁRMACO DOSE CORRETA
A86;EFEITO TÓXICO DE SUBSTÂNCIA NÃO MEDICINAL
A87;COMPLICAÇÕES DE TRATAMENTO MÉDICO
A88;EFEITO ADVERSO DE FATOR FÍSICO
A89;EFEITO DA PRÓTESE
A90;MALFORMAÇÃO CONGÊNITA NE/MÚLTIPLAS
A91;INVESTIGAÇÃO COM RESULTADO ANORMAL NE
A92;ALERGIA/REAÇÃO ALÉRGICA NE
A93;RECÉM NASCIDO PREMATURO
A94;MORBIDADE PERINATAL, OUTRA
A95;MORTALIDADE PERINATAL
A96;MORTE
A97;SEM DOENÇA
A99;OUTRAS DOENÇAS GERAIS NE
ABP001;PRE-NATAL
ABP002;PUERPERIO (ATE 42 DIAS)
ABP003;SAUDE SEXUAL E REPRODUTIVA
ABP004;PUERICULTURA
ABP005;HIPERTENSAO ARTERIAL
ABP006;DIABETES
ABP007;OBESIDADE
ABP008;DESNUTRICAO
ABP009;ASMA
ABP010;DPOC
ABP011;TABAGISMO
ABP012;USUARIO DE ALCOOL
ABP013;USUARIO DE OUTRAS DROGAS
ABP014;SAUDE MENTAL
ABP015;REABILITACAO
ABP017;TUBERCULOSE
ABP018;HANSENIASE
ABP019;DENGUE
ABP020;DST
ABP022;RASTREAMENTO DE CANCER DO COLO DO UTERO
ABP023;RASTREAMENTO DE CANCER DE MAMA
ABP024;RASTREAMENTO DE RISCO CARDIOVASCULAR
B02;GÂNGLIO LINFÁTICO AUMENTADO/DOLOROSO
B04;SINAIS/SINTOMAS SANGUE
B25;MEDO DE VIH/ HIV/SIDA/ AIDS
B26;MEDO DE CÂNCER NO SANGUE/LINFÁTICO
B27;MEDO DE OUTRAS DOENÇAS DO SANGUE /VASOS LINFÁTICOS
B28;LIMITAÇÃO FUNCIONAL/INCAPACIDADE
B29;OUTROS SINAIS/ SINTOMAS DO SANGUE/ SISTEMA LINFÁTICO/ BAÇO NE
B70;LINFADENITE AGUDA
B71;LINFADENITE CRÓNICA NE
B72;DOENÇA DE HODGKIN/LINFOMAS
B73;LEUCEMIA
B74;OUTRA NEOPLASIA MALIGNA NO SANGUE
B75;NEOPLASIA BENIGNA NE
B76;ROTURA TRAUMÁTICA DO BAÇO
B77;OUTRAS LESÕES TRAUMÁTICAS DO SANGUE/LINFA/BAÇO
B78;ANEMIA HEMOLÍTICA HEREDITÁRIA
B79;OUTRA MALFORMAÇÃO CONGÉNITA DO SANGUE/LINFÁTICA
B80;ANEMIA POR DEFICIÊNCIA FERRO
B81;ANEMIA PERNICIOSA/DEFICIÊNCIA DE FOLATOS
B82;OUTRAS ANEMIAS NE
B83;PÚRPURA/DEFEITOS DE COAGULAÇÃO
B84;GLÓBULOS BRANCOS ANORMAIS
B87;ESPLENOMEGALIA
B90;INFECÇÃO POR VIH/ HIV/SIDA/ AIDS
B99;OUTRA DOENÇA DO SANGUE/LINFÁTICOS/BAÇO
D01;DOR ABDOMINAL GENERALIZADA/CÓLICAS
D02;DORES ABDOMINAIS, EPIGÁSTRICAS
D03;AZIA/ QUEIMAÇÃO
D04;DOR ANAL/RETAL
D05;IRRITAÇÃO PERIANAL
D06;OUTRAS DORES ABDOMINAIS LOCALIZADAS
D07;DISPEPSIA/INDIGESTÃO
D08;FLATULÊNCIA /GASES/ERUCTAÇÕES
D09;NÁUSEA
D10;VOMITO
D11;DIARREIA
D12;OBSTIPAÇÃO
D13;ICTERÍCIA
D14;HEMATÊMESE/VÓMITO SANGUE
D15;MELENA
D16;HEMORRAGIA RETAL
D17;INCONTINÊNCIA FECAL
D18;ALTERAÇÕES NAS FEZES/MOV. INTESTINAIS
D19;SINAIS/SINTOMAS DOS DENTES/GENGIVAS
D20;SINAIS/SINTOMAS DA BOCA/LÍNGUA/LÁBIOS
D21;PROBLEMAS DE DEGLUTIÇÃO
D23;HEPATOMEGALIA
D24;MASSA ABDOMINAL NE
D25;DISTENSÃO ABDOMINAL
D26;MEDO DE CÂNCER NO APARELHO DIGESTIVO
D27;MEDO DE OUTRAS DOENÇAS APARELHO DIGESTIVO
D28;LIMITAÇÃO FUNCIONAL/INCAPACIDADE
D29;OUTROS SINAIS/SINTOMAS DIGESTIVOS
D70;INFECÇÃO GASTROINTESTINAL
D71;CAXUMBA/PAROTIDITE EPIDÊMICA
D72;HEPATITE VIRAL
D73;GASTROENTERITE, PRESUMÍVEL INFECÇÃO
D74;NEOPLASIA MALIGNA DO ESTÔMAGO
D75;NEOPLASIA MALIGNA DO CÓLON/RETO
D76;NEOPLASIA MALIGNA DO PÂNCREAS
D77;NEOPLASIA MALIGNA DO APARELHO DIGESTIVO NE
D78;NEOPLASIA BENIGNA DO APARELHO DIGESTIVO/INCERTA
D79;CORPO ESTRANHO NO APARELHO DIGESTIVO
D80;OUTRAS LESÕES TRAUMÁTICAS
D81;MALFORMAÇÕES CONGÊNITAS DO APARELHO DIGESTIVO
D82;DOENÇA DOS DENTES/GENGIVAS
D83;DOENÇA DA BOCA/LÍNGUA/LÁBIOS
D84;DOENÇA DO ESÔFAGO
D85;ÚLCERA DO DUODENO
D86;ÚLCERA PÉPTICA, OUTRA
D87;ALTERAÇÕES FUNCIONAIS ESTÔMAGO
D88;APENDICITE
D89;HÉRNIA INGUINAL
D90;HÉRNIA DE HIATO /DIAFRAGMÁTICA
D91;HÉRNIA ABDOMINAL, OUTRAS
D92;DOENÇA DIVERTICULAR INTESTINAL
D93;SÍNDROME DO CÓLON IRRITÁVEL
D94;ENTERITE CRÓNICA/COLITE ULCEROSA
D95;FISSURA ANAL / ABCESSO PERIANAL
D96;LOMBRIGAS /OUTROS PARASITAS
D97;DOENÇAS DO FÍGADO /NE
D98;COLECISTITE, COLELITIASE
D99;OUTRA DOENÇA DO APARELHO DIGESTIVO
F01;DOR NO OLHO
F02;OLHO VERMELHO
F03;SECREÇÃO OCULAR
F04;MOSCAS VOLANTES/PONTOS LUMINOSOS/ESCOTOMAS/ MANCHAS
F05;OUTRAS PERTURBAÇÕES VISUAIS
F13;SENSAÇÕES OCULARES ANORMAIS
F14;MOVIMENTOS OCULARES ANORMAIS
F15;APARÊNCIA ANORMAL NOS OLHOS
F16;SINAIS/SINTOMAS DAS PÁLPEBRAS
F17;SINAIS/SINTOMAS RELACIONADOS A ÓCULOS
F18;SINAIS/SINTOMAS RELACIONADOS A LENTES DE CONTATO
F27;MEDO DE DOENÇA OCULAR
F28;LIMITAÇÃO FUNCIONAL/INCAPACIDADE
F29;OUTROS SINAIS/SINTOMAS OCULARES
F70;CONJUNTIVITE INFECCIOSA
F71;CONJUNTIVITE ALÉRGICA
F72;BLEFARITE/HORDÉOLO/CALÁZIO
F73;OUTRAS INFECÇÕES/INFLAMAÇÕES OCULARES
F74;NEOPLASIA DO OLHO/ANEXOS
F75;CONTUSÃO/HEMORRAGIA OCULAR
F76;CORPO ESTRANHO OCULAR
F79;OUTRAS LESÕES TRAUMÁTICAS OCULARES
F80;OBSTRUÇÃO CANAL LACRIMAL DA CRIANÇA
F81;OUTRAS MALFORMAÇÕES CONGÊNITAS DO OLHO
F82;DESCOLAMENTO DA RETINA
F83;RETINOPATIA
F84;DEGENERAÇÃO MACULAR
F85;ULCERA DA CÓRNEA
F86;TRACOMA
F91;ERRO DE REFRAÇÃO
F92;CATARATA
F93;GLAUCOMA
F94;CEGUEIRA
F95;ESTRABISMO
F99;OUTRA DOENÇAS OCULARES/ANEXOS
H01;DOR DE OUVIDOS
H02;PROBLEMAS DE AUDIÇÃO
H03;ACUFENO, ZUMBIDOS, RUÍDO, ASSOBIOS
H04;SECREÇÃO NO OUVIDO
H05;HEMORRAGIA NO OUVIDO
H13;SENSAÇÃO DE OUVIDO TAPADO
H15;PREOCUPAÇÃO COM A APARÊNCIA DAS ORELHAS
H27;MEDO DE DOENÇA DO OUVIDO
H28;LIMITAÇÃO FUNCIONAL/INCAPACIDADE
H29;OUTROS SINAIS/SINTOMAS OUVIDO
H70;OTITE EXTERNA
H71;OTITE MEDIA AGUDA/MIRINGITE
H72;OTITE MÉDIA SEROSA
H73;INFECÇÃO DA TROMPA DE EUSTÁQUIO
H74;OTITE MEDIA CRÓNICA
H75;NEOPLASIA DO OUVIDO
H76;CORPO ESTRANHO DO OUVIDO
H77;PERFURAÇÃO DO TÍMPANO
H78;TRAUMATISMO SUPERFICIAL DO OUVIDO
H79;OUTROS TRAUMATISMOS DO OUVIDO
H80;MALFORMAÇÕES CONGÊNITAS DO OUVIDO
H81;CERÚMEN NO OUVIDO EM EXCESSO
H82;SÍNDROME VERTIGINOSA
H83;OTOESCLEROSE
H84;PRESBIACUSIA
H85;LESÃO ACÚSTICA
H86;SURDEZ
H99;OUTRA DOENÇA DO OUVIDO/MASTÓIDE
K01;DOR ATRIBUÍDA AO CORAÇÃO
K02;SENSAÇÃO DE PRESSÃO/APERTO ATRIBUÍDA AO CORAÇÃO
K03;DORES ATRIBUÍDAS AO APARELHO CIRCULATÓRIO NE
K04;PALPITAÇÕES/PERCEPÇÃO DOS BATIMENTOS CARDÍACOS
K05;OUTRAS IRREGULARIDADES DOS BATIMENTOS CARDÍACOS
K06;VEIAS PROEMINENTES
K07;TORNOZELOS INCHADOS/EDEMA
K22;FATOR DE RISCO PARA DOENÇA CARDIOVASCULAR
K24;MEDO DE DOENÇA CARDÍACA
K25;MEDO DE HIPERTENSÃO
K27;MEDO DE OUTRA DOENÇA CARDIOVASCULAR
K28;LIMITAÇÃO FUNCIONAL/INCAPACIDADE
K29;OUTROS SINAIS/SINTOMAS CARDIOVASCULARES
K70;DOENÇA INFECCIOSA DO APARELHO CIRCULATÓRIO
K71;FEBRE REUMÁTICA/CARDIOPATIA
K72;NEOPLASIA DO APARELHO CIRCULATÓRIO
K73;MALFORMAÇÕES CONGÊNITAS DO APARELHO CIRCULATÓRIO
K74;DOENÇA CARDÍACA ISQUÉMICA COM ANGINA
K75;INFARTO OU ENFARTE AGUDO MIOCÁRDIO
K76;DOENÇA CARDÍACA ISQUÉMICA SEM ANGINA
K77;INSUFICIÊNCIA CARDÍACA
K78;FIBRILAÇÃO/FLUTTER AURICULAR/ ATRIAL
K79;TAQUICARDIA PAROXÍSTICA
K80;ARRITMIA CARDÍACA NE
K81;SOPRO CARDÍACO/ARTERIAL NE
K82;DOENÇA CARDIOPULMONAR
K83;DOENÇA VALVULAR CARDÍACA NE
K84;OUTRAS DOENÇAS CARDÍACAS
K85;PRESSÃO ARTERIAL ELEVADA
K86;HIPERTENSÃO SEM COMPLICAÇÕES
K87;HIPERTENSÃO COM COMPLICAÇÕES
K88;HIPOTENSÃO POSTURAL
K89;ISQUÊMIA/ ACIDENTE CEREBRAL TRANSITÓRIA(O)
K90;TROMBOSE/ACIDENTE VASCULAR CEREBRAL
K91;DOENÇA VASCULAR CEREBRAL
K92;ATEROSCLEROSE/DOENÇA VASCULAR PERIFÉRICA
K93;EMBOLIA PULMONAR
K94;FLEBITE/TROMBOFLEBITE
K95;VEIAS VARICOSAS DA PERNA
K96;HEMORRÓIDAS
K99;OUTRAS DOENÇAS DO APARELHO CIRCULATÓRIO
L01;SINAIS/SINTOMAS DO PESCOÇO
L02;SINAIS/SINTOMAS DA REGIÃO DORSAL
L03;SINAIS/SINTOMAS DA REGIÃO LOMBAR
L04;SINAIS/SINTOMAS DO TÓRAX
L05;SINAIS/SINTOMAS DA AXILA
L07;SINAIS/SINTOMAS DA MANDÍBULA
L08;SINAIS/SINTOMAS DOS OMBROS
L09;SINAIS/SINTOMAS DOS BRAÇOS
L10;SINAIS/SINTOMAS DOS COTOVELOS
L11;SINAIS/SINTOMAS DOS PUNHOS
L12;SINAIS/SINTOMAS DAS MÃOS E DEDOS
L13;SINAIS/SINTOMAS DO QUADRIL
L14;SINAIS/SINTOMAS DA COXA/PERNA
L15;SINAIS/SINTOMAS DO JOELHO
L16;SINAIS/SINTOMAS DO TORNOZELO
L17;SINAIS/SINTOMAS DO PÉ/DEDOS PÉ
L18;DORES MUSCULARES
L19;SINAIS/SINTOMAS MUSCULARES NE
L20;SINAIS/SINTOMAS DAS ARTICULAÇÕES NE
L26;MEDO DE CÂNCER NO APARELHO MÚSCULO-ESQUELÉTICO
L27;MEDO DE DOENÇA NO APARELHO MÚSCULO-ESQUELÉTICO, OUTRO
L28;LIMITAÇÃO FUNCIONAL/INCAPACIDADE
L29;OUTROS SINAIS/SINTOMAS DO APARELHO MÚSCULO-ESQUELÉTICO
L70;INFECÇÕES DO APARELHO MÚSCULO-ESQUELÉTICO
L71;NEOPLASIA MALIGNA DO APARELHO MÚSCULO-ESQUELÉTICO
L72;FRATURA: RÁDIO/CÚBITO
L73;FRATURA: TÍBIA/PERÔNIO/ FÍBULA
L74;FRATURA: OSSO DA MÃO/PÉ
L75;FRATURA: FÉMUR
L76;OUTRAS FRATURAS
L77;ENTORSES E DISTENSÕES DO TORNOZELO
L78;ENTORSES E DISTENSÕES DO JOELHO
L79;ENTORSES E DISTENSÕES DAS ARTICULAÇÕES NE
L80;LUXAÇÃO/SUBLUXAÇÃO
L81;TRAUMATISMOS DO APARELHO MUSCULOESQUELÉTICO NE
L82;MALFORMAÇÕES CONGÊNITAS DO APARELHO MÚSCULO-ESQUELÉTICO
L83;DOENÇAS OU SÍNDROMES DA COLUNA CERVICAL
L84;DOENÇAS OU SÍNDROMES DA COLUNA SEM IRRADIAÇÃO DE DOR
L85;DEFORMAÇÃO ADQUIRIDA DA COLUNA
L86;SÍNDROME VERTEBRAL COM IRRADIAÇÃO DOR
L87;BURSITE/TENDINITE/SINOVITE NE
L88;ARTRITE REUMATÓIDE/SEROPOSITIVA
L89;OSTEOARTROSE DO QUADRIL
L90;OSTEOARTROSE DO JOELHO
L91;OUTRAS OSTEOARTROSES
L92;SÍNDROME DO OMBRO DOLOROSO
L93;COTOVELO DE TENISTA
L94;OSTEOCONDROSE
L95;OSTEOPOROSE
L96;LESÃO INTERNA AGUDA DO JOELHO
L97;NEOPLASIA BENIGNA/INCERTAS
L98;MALFORMAÇÃO ADQUIRIDA DE UM MEMBRO
L99;OUTRA DOENÇA DO APARELHO MÚSCULO-ESQUELÉTICO
N01;CEFALÉIA
N03;DORES DA FACE
N04;SÍNDROME DAS PERNAS INQUIETAS
N05;FORMIGAMENTO/ PARESTESIA NOS DEDOS DAS MÃOS/PÉS
N06;OUTRAS ALTERAÇÕES DA SENSIBILIDADE
N07;CONVULSÕES/ATAQUES
N08;MOVIMENTOS INVOLUNTÁRIOS ANORMAIS
N16;ALTERAÇÕES DO OLFATO/GOSTO
N17;VERTIGENS/TONTURAS
N18;PARALISIA/FRAQUEZA
N19;PERTURBAÇÕES DA FALA
N26;MEDO DE CÂNCER DO SISTEMA NEUROLÓGICO
N27;MEDO DE OUTRAS DOENÇAS NEUROLÓGICAS
N28;LIMITAÇÃO FUNCIONAL/INCAPACIDADE
N29;SINAIS/SINTOMAS DO SISTEMA NEUROLÓGICO, OUTROS
N70;POLIOMIELITE
N71;MENINGITE/ENCEFALITE
N72;TÉTANO
N73;OUTRA INFECÇÃO NEUROLÓGICA
N74;NEOPLASIA MALIGNA DO SISTEMA NEUROLÓGICO
N75;NEOPLASIA BENIGNA DO SISTEMA NEUROLÓGICO
N76;NEOPLASIA DO SISTEMA NEUROLÓGICO DE NATUREZA INCERTA
N79;CONCUSSÃO
N80;OUTRAS LESÕES CRANIANAS
N81;OUTRA LESÃO DO SISTEMA NEUROLÓGICO
N85;MALFORMAÇÕES CONGÊNITAS
N86;ESCLEROSE MÚLTIPLA
N87;PARKINSONISMO
N88;EPILEPSIA
N89;ENXAQUECA
N90;CEFALÉIA DE CLUSTER
N91;PARALISIA FACIAL/PARALISIA DE BELL
N92;NEVRALGIA DO TRIGÉMIO
N93;SÍNDROME DO TÚNEL DO CARPO/ SÍNDROME DO CANAL CÁRPICO
N94;NEURITE/ NEVRITE/NEUROPATIA PERIFÉRICA
N95;CEFALÉIA TENSIONAL
N99;OUTRAS DOENÇAS DO SISTEMA NEUROLÓGICO
P01;SENSAÇÃO DE ANSIEDADE/NERVOSISMO/TENSÃO
P02;REAÇÃO AGUDA AO ESTRESSE
P03;TRISTEZA/ SENSAÇÃO DE DEPRESSÃO
P04;SENTIR/COMPORTAR-SE DE FORMA IRRITÁVEL/ZANGADA
P05;SENSAÇÃO/COMPORTAMENTO SENIL
P06;PERTURBAÇÃO DO SONO
P07;DIMINUIÇÃO DO DESEJO SEXUAL
P08;DIMINUIÇÃO DA SATISFAÇÃO SEXUAL
P09;PREOCUPAÇÃO COM A PREFERÊNCIA SEXUAL
P10;GAGUEJAR/BALBUCIAR/TIQUES
P11;PROBLEMAS DE ALIMENTAÇÃO DA CRIANÇA
P12;MOLHAR A CAMA/ENURESE
P13;ENCOPRESE/OUTROS PROBLEMAS DE INCONTINÊNCIA FECAL
P15;ABUSO CRÔNICO DE ÁLCOOL
P16;ABUSO AGUDO DE ÁLCOOL
P17;ABUSO DO TABACO
P18;ABUSO DE MEDICAÇÃO
P19;ABUSO DE DROGAS
P20;ALTERAÇÕES DA MEMÓRIA
P22;SINAIS/SINTOMAS RELACIONADOS AO COMPORTAMENTO DA CRIANÇA
P23;SINAIS/SINTOMAS RELACIONADOS AO COMPORTAMENTO DO ADOLESCENTE
P24;DIFICULDADES ESPECIFICAS DE APRENDIZAGEM
P25;PROBLEMAS DA FASE DE VIDA DE ADULTO
P27;MEDO DE PERTURBAÇÕES MENTAIS
P28;LIMITAÇÃO FUNCIONAL/INCAPACIDADE
P29;SINAIS/SINTOMAS PSICOLÓGICOS, OUTROS
P70;DEMÊNCIA
P71;OUTRAS PSICOSES ORGÂNICAS NE
P72;ESQUIZOFRENIA
P73;PSICOSE AFETIVA
P74;DISTÚRBIO ANSIOSO/ESTADO DE ANSIEDADE
P75;SOMATIZAÇÃO
P76;PERTURBAÇÕES DEPRESSIVAS
P77;SUICÍDIO/TENTATIVA DE SUICÍDIO
P78;NEURASTENIA
P79;FOBIA/PERTURBAÇÃO COMPULSIVA
P80;PERTURBAÇÕES DE PERSONALIDADE
P81;PERTURBAÇÃO HIPERCINÉTICA
P82;ESTRESSE PÓS TRAUMÁTICO
P85;RETARDO/ ATRASO MENTAL
P86;ANOREXIA NERVOSA, BULIMIA
P98;OUTRAS PSICOSES NE
P99;OUTRAS PERTURBAÇÕES PSICOLÓGICAS
R01;DOR ATRIBUÍDA AO APARELHO RESPIRATÓRIO
R02;DIFICULDADE RESPIRATÓRIA, DISPNEIA
R03;RESPIRAÇÃO RUIDOSA
R04;OUTROS PROBLEMAS RESPIRATÓRIOS
R05;TOSSE
R06;HEMORRAGIA NASAL/EPISTAXE
R07;ESPIRRO/CONGESTÃO NASAL
R08;OUTROS SINAIS/SINTOMAS NASAIS
R09;SINAIS/SINTOMAS DOS SEIOS PARANASAIS
R21;SINAIS/SINTOMAS DA GARGANTA
R23;SINAIS/SINTOMAS DA VOZ
R24;HEMOPTISE
R25;EXPECTORAÇÃO/MUCOSIDADE ANORMAL
R26;MEDO DE CÂNCER DO APARELHO RESPIRATÓRIO
R27;MEDO DE OUTRAS DOENÇAS RESPIRATÓRIAS
R28;LIMITAÇÃO FUNCIONAL/INCAPACIDADE
R29;SINAIS/SINTOMAS DO APARELHO RESPIRATÓRIO, OUTROS
R71;TOSSE CONVULSA/ PERTUSSIS
R72;INFECÇÃO ESTREPTOCÓCICA DA OROFARINGE
R73;ABCESSO/FURÚNCULO NO NARIZ
R74;INFECÇÃO AGUDA DO APARELHO RESPIRATÓRIO SUPERIOR (IVAS)
R75;SINUSITE CRÓNICA/AGUDA
R76;AMIGDALITE AGUDA
R77;LARINGITE/TRAQUEÍTE AGUDA
R78;BRONQUITE/BRONQUIOLITE AGUDA
R79;BRONQUITE CRÓNICA
R80;GRIPE
R81;PNEUMONIA
R82;PLEURITE/DERRAME PLEURAL
R83;OUTRA INFECÇÃO RESPIRATÓRIA
R84;NEOPLASIA MALIGNA DOS BRÔNQUIOS/PULMÃO
R85;OUTRA NEOPLASIA RESPIRATÓRIA MALIGNA
R86;NEOPLASIA BENIGNA RESPIRATÓRIA
R87;CORPO ESTRANHO NARIZ/LARINGE/BRÔNQUIOS
R88;OUTRA LESÃO RESPIRATÓRIA
R89;MALFORMAÇÃO CONGÉNITA DO APARELHO RESPIRATÓRIO
R90;HIPERTROFIA DAS AMÍGDALAS/ADENÓIDES
R92;NEOPLASIA RESPIRATÓRIA NE
R95;DOENÇA PULMONAR OBSTRUTIVA CRÓNICA
R96;ASMA
R97;RINITE ALÉRGICA
R98;SÍNDROME DE HIPERVENTILAÇÃO
R99;OUTRAS DOENÇAS RESPIRATÓRIAS
S01;DOR/SENSIBILIDADE DOLOROSA DA PELE
S02;PRURIDO
S03;VERRUGAS
S04;TUMOR/INCHAÇO LOCALIZADO
S05;TUMORES/INCHAÇOS GENERALIZADOS
S06;ERUPÇÃO CUTÂNEA LOCALIZADA
S07;ERUPÇÃO CUTÂNEA GENERALIZADA
S08;ALTERAÇÕES DA COR DA PELE
S09;INFECÇÃO DOS DEDOS DAS MÃOS/PÉS
S10;FURÚNCULO/CARBÚNCULO
S11;INFECÇÃO PÓS-TRAUMÁTICA DA PELE
S12;PICADA OU MORDEDURA DE INSETO
S13;MORDEDURA ANIMAL/HUMANA
S14;QUEIMADURA/ESCALDÃO
S15;CORPO ESTRANHO NA PELE
S16;TRAUMATISMO/CONTUSÃO
S17;ABRASÃO/ARRANHÃO/BOLHAS
S18;LACERAÇÃO/CORTE
S19;OUTRA LESÃO CUTÂNEA
S20;CALOS/CALOSIDADES
S21;SINAIS/SINTOMAS DA TEXTURA DA PELE
S22;SINAIS/SINTOMAS DAS UNHAS
S23;QUEDA DE CABELO/CALVÍCIE
S24;SINAIS/SINTOMAS DO CABELO/COURO CABELUDO
S26;MEDO DE CÂNCER DE PELE
S27;MEDO DE OUTRA DOENÇA DA PELE
S28;LIMITAÇÃO FUNCIONAL/INCAPACIDADE
S29;SINAIS/SINTOMAS DA PELE, OUTROS
S70;HERPES ZOSTER
S71;HERPES SIMPLES
S72;ESCABIOSE/OUTRAS ACARÍASES
S73;PEDICULOSE/OUTRAS INFECÇÕES DA PELE
S74;DERMATOFITOSE
S75;MONILÍASE ORAL/CANDIDÍASE NA PELE
S76;OUTRAS INFECÇÕES DA PELE
S77;NEOPLASIAS MALIGNAS DA PELE
S78;LIPOMA
S79;NEOPLASIA CUTÂNEA BENIGNA/INCERTA
S80;CERATOSE/ QUERATOSE SOLAR/QUEIMADURA SOLAR
S81;HEMANGIOMA/LINFANGIOMA
S82;NEVOS/SINAIS DA PELE
S83;LESÕES DA PELE CONGÊNITAS, OUTRAS
S84;IMPETIGO
S85;CISTO PILONIDAL/FISTULA
S86;DERMATITE SEBORREICA
S87;DERMATITE/ECZEMA ATÓPICO
S88;DERMATITE DE CONTATO/ALÉRGICA
S89;DERMATITE DAS FRALDAS
S90;PITIRÍASE ROSADA
S91;PSORÍASE
S92;DOENÇA DAS GLÂNDULAS SUDORÍPARAS
S93;CISTO SEBÁCEO
S94;UNHA ENCRAVADA
S95;MOLUSCO CONTAGIOSO
S96;ACNE
S97;ÚLCERA CRÓNICA DA PELE
S98;URTICÁRIA
S99;OUTRAS DOENÇAS DA PELE
T01;SEDE EXCESSIVA
T02;APETITE EXCESSIVO
T03;PERDA DE APETITE
T04;PROBLEMAS ALIMENTARES DE LACTENTE/CRIANÇA
T05;PROBLEMAS ALIMENTARES DO ADULTO
T07;AUMENTO DE PESO
T08;PERDA DE PESO
T10;ATRASO DO CRESCIMENTO
T11;DESIDRATAÇÃO
T26;MEDO DE CÂNCER DO SISTEMA ENDÓCRINO
T27;MEDO DE OUTRA DOENÇA ENDÓCRINA/METABÓLICA
T28;LIMITAÇÃO FUNCIONAL/INCAPACIDADE
T29;SINAIS/SINTOMAS ENDOCRINOLÓGICOS/METABOLICOS/NUTRICIONAIS, OUTROS
T70;INFECÇÃO ENDÓCRINA
T71;NEOPLASIA MALIGNA DA TIRÓIDE
T72;NEOPLASIA BENIGNA DA TIRÓIDE
T73;OUTRA NEOPLASIA ENDÓCRINA NE
T78;CISTO DO CANAL TIROGLOSSO
T80;MALFORMAÇÃO CONGÉNITA ENDÓCRINA/METABÓLICA
T81;BÓCIO
T82;OBESIDADE
T83;EXCESSO DE PESO
T85;HIPERTIROIDISMO/TIREOTOXICOSE
T86;HIPOTIROIDISMO/MIXEDEMA
T87;HIPOGLICEMIA
T89;DIABETES INSULINO-DEPENDENTE
T90;DIABETES NÃO INSULINO-DEPENDENTE
T91;DEFICIÊNCIA VITAMÍNICA/NUTRICIONAL
T92;GOTA
T93;ALTERAÇÃO NO METABOLISMO DOS LÍPIDOS
T99;OUTRAS DOENÇAS ENDOCRINOLÓGICA/METABÓLICA/NUTRICIONAIS
U01;DISÚRIA/MICÇÃO DOLOROSA
U02;MICÇÃO FREQUENTE/URGÊNCIA URINÁRIA/ POLACIÚRIA
U04;INCONTINÊNCIA URINÁRIA
U05;OUTROS PROBLEMAS COM A MICÇÃO
U06;HEMATÚRIA
U07;OUTROS SINAIS/SINTOMAS URINÁRIOS
U08;RETENÇÃO URINÁRIA
U13;SINAIS/SINTOMAS DA BEXIGA, OUTROS
U14;SINAIS/SINTOMAS DOS RINS
U26;MEDO DE CÂNCER NO APARELHO URINÁRIO
U27;MEDO DE OUTRA DOENÇA URINÁRIA
U28;LIMITAÇÃO FUNCIONAL/INCAPACIDADE
U29;SINAIS/SINTOMAS APARELHO URINÁRIO, OUTROS
U70;PIELONEFRITE
U71;CISTITE/OUTRA INFECÇÃO URINÁRIA
U72;URETRITE
U75;NEOPLASIA MALIGNA DO RIM
U76;NEOPLASIA BENIGNA DO RIM
U77;NEOPLASIA MALIGNA DO APARELHO URINÁRIO, OUTRA
U78;NEOPLASIA BENIGNA DO APARELHO URINÁRIO
U79;NEOPLASIA DO APARELHO URINÁRIO NE
U80;LESÕES TRAUMÁTICAS DO APARELHO URINÁRIO
U85;MALFORMAÇÃO CONGÉNITA DO APARELHO URINÁRIO
U88;GLOMERULONEFRITE/ SINDROME NEFRÓTICA
U90;ALBUMINÚRIA/PROTEINÚRIA ORTOSTÁTICA
U95;CÁLCULO URINÁRIO
U98;ANÁLISE DE URINA ANORMAL NE
U99;OUTRAS DOENÇAS URINÁRIAS
W01;QUESTÃO SOBRE GRAVIDEZ
W02;MEDO DE ESTAR GRÁVIDA
W03;HEMORRAGIA ANTES DO PARTO
W05;VÓMITOS/NÁUSEAS DURANTE A GRAVIDEZ
W10;CONTRACEPÇÃO PÓS-COITAL
W11;CONTRACEPÇÃO ORAL
W12;CONTRACEPÇÃO INTRA-UTERINA/ DISPOSITIVO INTRAUTERINO/ DIU
W13;ESTERILIZAÇÃO
W14;CONTRACEPÇÃO/OUTROS
W15;INFERTILIDADE/SUBFERTILDADE
W17;HEMORRAGIA PÓS-PARTO
W18;SINAIS/SINTOMAS PÓS-PARTO
W19;SINAIS/SINTOMAS DA MAMA/LACTAÇÃO
W21;PREOCUPAÇÃO COM A IMAGEM CORPORAL NA GRAVIDEZ
W27;MEDO DE COMPLICAÇÕES NA GRAVIDEZ
W28;LIMITAÇÃO FUNCIONAL/INCAPACIDADE
W29;SINAIS/SINTOMAS DA GRAVIDEZ, OUTROS
W70;SEPSIS/INFECÇÃO PUERPERAL
W71;INFECÇÕES QUE COMPLICAM A GRAVIDEZ
W72;NEOPLASIA MALIGNA RELACIONADA COM GRAVIDEZ
W73;NEOPLASIA BENIGNA/INCERTA RELACIONADA COM A GRAVIDEZ
W75;LESÕES TRAUMÁTICAS QUE COMPLICAM A GRAVIDEZ
W76;MALFORMAÇÃO CONGÉNITA QUE COMPLICA A GRAVIDEZ
W78;GRAVIDEZ
W79;GRAVIDEZ NÃO DESEJADA
W80;GRAVIDEZ ECTÓPICA
W81;TOXEMIA GRAVÍDICA/ DHEG
W82;ABORTO ESPONTÂNEO
W83;ABORTO PROVOCADO DE ALTO RISCO
W84;GRAVIDEZ DE ALTO RISCO
W85;DIABETES GESTACIONAL
W90;PARTO SEM COMPLICAÇÕES DE NASCIDO VIVO
W91;PARTO SEM COMPLICAÇÕES DE NATIMORTO
W92;PARTO COM COMPLICAÇÕES DE NASCIDO VIVO
W93;PARTO COM COMPLICAÇÕES DE NATIMORTO
W94;MASTITE PUERPERAL
W95;OUTROS PROBLEMAS DA MAMA DURANTE GRAVIDEZ/PUERPÉRIO
W96;OUTRAS COMPLICAÇÕES DO PUERPÉRIO
W99;OUTROS PROBLEMAS DA GRAVIDEZ/PARTO
X01;DOR GENITAL
X02;DORES MENSTRUAIS
X03;DORES INTERMENSTRUAIS
X04;RELAÇÃO SEXUAL DOLOROSA NA MULHER
X05;MENSTRUAÇÃO ESCASSA/AUSENTE
X06;MENSTRUAÇÃO EXCESSIVA
X07;MENSTRUAÇÃO IRREGULAR/FREQUENTE
X08;HEMORRAGIA INTERMENSTRUAL
X09;SINAIS/SINTOMAS PRÉ-MENSTRUAIS
X10;DESEJO DE ALTERAR A DATA MENSTRUAÇÃO
X11;SINAIS/SINTOMAS DA MENOPAUSA/ CLIMATÉRIO
X12;HEMORRAGIA PÓS-MENOPAUSA
X13;HEMORRAGIA PÓS-COITAL
X14;SECREÇÃO VAGINAL
X15;SINAIS/SINTOMAS DA VAGINA
X16;SINAIS/SINTOMAS DA VULVA
X17;SINAIS/SINTOMAS DA PÉLVIS FEMININA
X18;DOR NA MAMA FEMININA
X19;TUMOR OU NÓDULO NA MAMA FEMININA
X20;SINAIS/SINTOMAS DO MAMILO DA MULHER
X21;SINAIS/SINTOMAS DA MAMA FEMININA, OUTROS
X22;PREOCUPAÇÃO COM A APARÊNCIA DA MAMA FEMININA
X23;MEDO DE DOENÇA DE TRANSMISSÃO SEXUAL
X24;MEDO DE DISFUNÇÃO SEXUAL
X25;MEDO DE CÂNCER GENITAL
X26;MEDO DE CÂNCER NA MAMA
X27;MEDO DE OUTRA DOENÇA GENITAL/MAMA
X28;LIMITAÇÃO FUNCIONAL/INCAPACIDADE
X29;SINAIS/SINTOMAS DO APARELHO GENITAL FEMININO, OUTRA
X70;SÍFILIS FEMININA
X71;GONORRÉIA FEMININA
X72;CANDIDÍASE GENITAL FEMININA
X73;TRICOMONÍASE GENITAL FEMININA
X74;DOENÇA INFLAMATÓRIA PÉLVICA
X75;NEOPLASIA MALIGNA DO COLO
X76;NEOPLASIA MALIGNA DA MAMA FEMININA
X77;NEOPLASIA MALIGNA GENITAL FEMININA, OUTRA
X78;FIBROMIOMA UTERINO
X79;NEOPLASIA BENIGNA DA MAMA FEMININA/ FIBROADENOMA
X80;NEOPLASIA BENIGNA GENITAL
X81;NEOPLASIA GENITAL FEMININA, OUTRA/NE
X82;LESÃO TRAUMÁTICA GENITAL FEMININA
X83;MALFORMAÇÕES CONGÊNITAS GENITAIS
X84;VAGINITE/VULVITE NE
X85;DOENÇA DO COLO NE
X86;ESFREGAÇO DE PAPANICOLAU/COLPOCITOLOGIA ONCÓTICA ANORMAL
X87;PROLAPSO UTERO-VAGINAL
X88;DOENÇA FIBROCÍSTICA DA MAMA
X89;SÍNDROME DA TENSÃO PRÉ-MENSTRUAL
X90;HERPES GENITAL FEMININO
X91;CONDILOMA ACUMINADO FEMININO
X92;INFECÇÃO POR CLAMÍDIA
X99;DOENÇA GENITAL FEMININA, OUTRA
Y01;DOR NO PÊNIS
Y02;DOR NO ESCROTO/TESTÍCULOS
Y03;SECREÇÃO URETRAL
Y04;SINAIS/SINTOMAS DO PÊNIS, OUTROS
Y05;SINAIS/SINTOMAS DO ESCROTO/TESTÍCULOS, OUTROS
Y06;SINAIS/SINTOMAS DA PRÓSTATA
Y07;IMPOTÊNCIA NE
Y08;SINAIS/SINTOMAS DA FUNÇÃO SEXUAL MASCULINA, OUTROS
Y10;INFERTILIDADE/SUBFERTILDADE MASCULINA
Y13;ESTERILIZAÇÃO MASCULINA
Y14;PLANEJAMENTO FAMILIAR, OUTROS
Y16;SINAIS/SINTOMAS DA MAMA MASCULINA
Y24;MEDO DE DISFUNÇÃO SEXUAL MASCULINA
Y25;MEDO DE DOENÇA SEXUALMENTE TRANSMISSÍVEL
Y26;MEDO DE CÂNCER GENITAL MASCULINO
Y27;MEDO DE DOENÇA GENITAL MASCULINA, OUTRA
Y28;LIMITAÇÃO FUNCIONAL/INCAPACIDADE
Y29;SINAIS/SINTOMAS, OUTROS
Y70;SÍFILIS MASCULINA
Y71;GONORRÉIA MASCULINA
Y72;HERPES GENITAL
Y73;PROSTATITE/VESICULITE SEMINAL
Y74;ORQUITE/EPIDIDIMITE
Y75;BALANITE/ BALANOPOSTITE
Y76;CONDILOMA ACUMINADO
Y77;NEOPLASIA MALIGNA DA PRÓSTATA
Y78;NEOPLASIA MALIGNA GENITAL MASCULINA, OUTRA
Y79;NEOPLASIA BENIGNA GENITAL MASCULINA NE
Y80;TRAUMATISMO GENITAL MASCULINO, OUTRO
Y81;FIMOSE/PREPÚCIO REDUNDANTE
Y82;HIPOSPÁDIAS
Y83;TESTÍCULO NÃO DESCIDO/ CRIPTORQUIDIA/ TESTÍCULO ECTÓPICO
Y84;MALFORMAÇÃO GENITAL CONGÉNITA MASCULINA, OUTRA
Y85;HIPERTROFIA BENIGNA DA PRÓSTATA/ HIPERPLASIA PROSTÁTICA BENIGNA
Y86;HIDROCELE
Y99;DOENÇA GENITAL MASCULINA, OUTRA
Z01;POBREZA/PROBLEMAS ECONÔMICOS
Z02;PROBLEMAS RELACIONADOS A ÁGUA/ALIMENTAÇÃO
Z03;PROBLEMAS DE HABITAÇÃO/VIZINHANÇA
Z04;PROBLEMA SOCIO-CULTURAL
Z05;PROBLEMAS COM CONDIÇÕES DE TRABALHO
Z06;PROBLEMAS DE DESEMPREGO
Z07;PROBLEMAS RELACIONADOS COM EDUCAÇÃO
Z08;PROBLEMA RELACIONADO COM SISTEMA DE SEGURANÇA SOCIAL
Z09;PROBLEMA DE ORDEM LEGAL
Z10;PROBLEMA RELACIONADO COM SISTEMA DE SAÚDE
Z11;PROBLEMA RELACIONADO COM ESTAR DOENTE
Z12;PROBLEMA DE RELACIONAMENTO COM PARCEIRO/ CONJUGAL
Z13;PROBLEMA COMPORTAMENTAL DO PARCEIRO/  COMPANHEIRO
Z14;PROBLEMA POR DOENÇA DO PARCEIRO/ COMPANHEIRO
Z15;PERDA OU FALECIMENTO DO PARCEIRO/ COMPANHEIRO
Z16;PROBLEMA DE RELACIONAMENTO COM CRIANÇA
Z18;PROBLEMA COM CRIANÇA DOENTE
Z19;PERDA OU FALECIMENTO DE CRIANÇA
Z20;PROBLEMA DE RELACIONAMENTO COM FAMILIARES
Z21;PROBLEMA COMPORTAMENTAL DE FAMILIAR
Z22;PROBLEMA POR DOENÇA FAMILIAR
Z23;PERDA/FALECIMENTO DE FAMILIAR
Z24;PROBLEMA DE RELACIONAMENTO COM AMIGOS
Z25;ATO OU ACONTECIMENTO VIOLENTO
Z27;MEDO DE PROBLEMA SOCIAL
Z28;LIMITAÇÃO FUNCIONAL/INCAPACIDADE
Z29;PROBLEMA SOCIAL NE
